id,user_id,analysis_id,created_at
1,3,2400,2026-02-19 17:10:36.012472
2,2,2402,2026-02-19 17:20:07.683181
3,2,2403,2026-02-19 18:45:23.26275
4,1,2404,2026-02-19 18:45:41.675733
5,2,2406,2026-02-19 18:55:44.236259
6,2,2409,2026-02-19 19:43:29.618931
7,2,2410,2026-02-19 19:44:47.200564
8,2,2411,2026-02-19 19:44:47.220034
9,1,2505,2026-02-20 08:50:27.38877
10,1,2506,2026-02-20 08:50:52.236121
11,2,2526,2026-02-20 09:24:19.12562
12,2,2527,2026-02-20 09:24:19.292395
13,2,2528,2026-02-20 09:24:19.385339
14,2,2535,2026-02-20 09:25:43.475549
15,2,2562,2026-02-20 09:29:40.264174
16,2,2563,2026-02-20 09:29:40.539635
17,2,2564,2026-02-20 09:29:40.744222
18,1,2568,2026-02-20 09:31:24.891784
19,1,2569,2026-02-20 09:31:37.789634
20,1,2570,2026-02-20 09:31:56.029252
21,1,2571,2026-02-20 09:32:36.296353
22,1,2572,2026-02-20 09:32:49.743852
23,2,2575,2026-02-20 09:38:35.276834
24,1,2576,2026-02-20 09:39:19.497978
25,1,2577,2026-02-20 09:39:19.879645
26,1,2578,2026-02-20 09:39:19.899236
27,1,2579,2026-02-20 09:39:35.47749
28,1,2686,2026-02-20 15:04:21.474307
29,1,2735,2026-02-20 17:47:40.482026
30,1,2736,2026-02-20 17:47:59.618109
31,1,2737,2026-02-20 17:49:08.829376
32,1,2741,2026-02-20 17:51:50.542405
33,1,2742,2026-02-20 17:57:21.392781
34,1,2743,2026-02-20 17:57:38.302233
35,1,2744,2026-02-20 17:58:51.944511
36,2,2745,2026-02-20 17:59:02.915912
37,2,2746,2026-02-20 17:59:25.418765
38,1,2747,2026-02-20 17:59:35.244787
39,1,2759,2026-02-20 18:50:39.459415
40,2,2817,2026-02-21 01:48:23.220935
41,2,2841,2026-02-21 03:27:59.375939
42,1,3788,2026-02-23 12:36:01.178981
43,1,4297,2026-02-25 02:53:18.058716
44,3,4356,2026-02-25 05:52:20.63034
45,3,4357,2026-02-25 05:59:11.721654
46,3,4358,2026-02-25 06:01:08.939545
47,3,4359,2026-02-25 06:03:01.237135
48,3,4470,2026-02-25 15:51:56.239138
49,3,4471,2026-02-25 15:52:11.103723
50,3,4517,2026-02-25 17:05:32.293612
51,3,4518,2026-02-25 17:05:42.675185
52,1,4533,2026-02-25 20:11:02.28367
53,1,4534,2026-02-25 20:14:02.166134
54,1,4536,2026-02-25 20:17:15.118202
55,1,4537,2026-02-25 20:19:35.037351
56,1,4556,2026-02-25 22:24:56.827968
57,1,4558,2026-02-25 22:33:04.399574
58,1,4559,2026-02-25 22:35:30.755021
59,3,4560,2026-02-25 22:55:58.740205
60,3,4561,2026-02-25 22:56:43.427951
61,3,4562,2026-02-25 22:57:20.697287
62,1,4568,2026-02-26 00:38:47.729776
63,1,4569,2026-02-26 00:42:31.872946
64,1,4570,2026-02-26 00:46:24.177152
65,1,4574,2026-02-26 01:34:14.293315
66,1,4579,2026-02-26 02:34:02.034626
67,1,4613,2026-02-26 12:42:46.348467
68,1,4614,2026-02-26 12:51:23.144872
69,1,4615,2026-02-26 12:53:32.503141
70,1,4616,2026-02-26 12:57:24.615186
71,1,4893,2026-02-26 17:48:49.51825
72,1,4894,2026-02-26 17:54:00.602254
73,2,4908,2026-02-26 19:45:43.175463
74,3,4913,2026-02-26 23:05:02.441729
75,3,4914,2026-02-26 23:08:21.14794
76,3,4915,2026-02-26 23:09:04.982143
77,2,4916,2026-02-27 01:55:32.319433
78,2,4917,2026-02-27 01:56:07.85028
79,2,4922,2026-02-27 07:03:54.895356
80,1,4992,2026-02-27 18:22:57.989397
81,1,4993,2026-02-27 19:01:04.320738
82,1,4994,2026-02-27 19:01:47.434436
83,1,4995,2026-02-27 19:01:47.942536
84,1,4996,2026-02-27 19:02:29.459139
85,1,4997,2026-02-27 19:28:27.269826
86,3,5000,2026-02-27 22:04:49.261234
87,3,5001,2026-02-27 22:04:59.814864
88,1,5003,2026-02-28 00:32:34.092632
89,1,5005,2026-02-28 03:02:52.764505
90,1,5007,2026-02-28 06:28:45.045131
91,2,5009,2026-02-28 08:17:10.213249
92,2,5071,2026-02-28 15:11:38.983523
93,1,5072,2026-02-28 16:27:30.743291
94,2,5075,2026-02-28 18:47:02.775116
95,1,5076,2026-02-28 18:51:42.454958
96,1,5077,2026-02-28 19:27:26.955543
97,1,5078,2026-02-28 19:29:05.394912
98,2,5079,2026-02-28 20:54:22.179387
99,2,5083,2026-03-01 00:35:02.998662
100,2,5084,2026-03-01 00:39:47.372323
101,2,5085,2026-03-01 00:42:14.538168
102,2,5089,2026-03-01 01:59:35.593186
103,2,5090,2026-03-01 04:40:57.657486
104,2,5091,2026-03-01 05:27:46.143059
105,2,5092,2026-03-01 12:06:28.335073
106,2,5093,2026-03-01 12:15:29.647612
107,2,5095,2026-03-01 14:07:12.441925
108,2,5171,2026-03-01 15:36:50.688709
109,1,5188,2026-03-01 19:15:10.831796
110,1,5260,2026-03-02 14:11:28.980729
111,1,5617,2026-03-03 19:56:11.817558
112,3,5625,2026-03-03 22:25:46.692753
113,3,5626,2026-03-03 22:26:04.611776
114,1,5648,2026-03-04 08:08:23.312454
115,1,5752,2026-03-04 16:38:47.72212
116,1,5756,2026-03-04 22:56:59.646545
117,3,5758,2026-03-05 05:28:36.307759
118,3,5759,2026-03-05 05:30:45.382942
119,3,5760,2026-03-05 05:33:02.226075
120,3,5761,2026-03-05 06:38:45.640464
121,3,5762,2026-03-05 06:38:59.296499
122,3,5763,2026-03-05 06:53:38.801063
123,3,5764,2026-03-05 07:02:29.601604
124,3,5765,2026-03-05 07:04:06.82531
125,1,5965,2026-03-05 16:57:34.785505
126,2,5968,2026-03-05 21:01:43.210728
127,3,5974,2026-03-06 01:09:24.48669
128,3,5975,2026-03-06 01:09:46.023179
129,3,5976,2026-03-06 01:11:26.316424
130,3,5977,2026-03-06 01:12:44.259323
131,3,5978,2026-03-06 01:13:02.456272
132,1,7866,2026-03-15 06:25:21.624854
133,1,7911,2026-03-15 22:06:11.772068
134,1,7912,2026-03-15 22:22:26.672799
135,1,7915,2026-03-16 05:31:23.316028
136,1,7916,2026-03-16 06:16:07.787779
137,1,7917,2026-03-16 07:46:09.702114
138,1,7918,2026-03-16 08:04:44.131493
139,1,7920,2026-03-16 13:53:53.855224
140,1,7999,2026-03-16 17:20:28.923798
141,1,8000,2026-03-16 17:21:32.367069
142,1,8002,2026-03-16 22:41:09.844335
143,1,8007,2026-03-17 02:34:17.895662
144,1,8014,2026-03-17 04:34:41.100574
145,1,8015,2026-03-17 04:38:05.580661
146,1,8754,2026-03-18 17:03:33.993849
147,1,8756,2026-03-18 17:04:53.736577
148,1,8812,2026-03-19 01:57:27.207686
149,1,8898,2026-03-19 23:48:15.100819
150,1,9368,2026-03-23 00:27:43.431006
151,1,9369,2026-03-23 00:30:25.784848
152,1,9525,2026-03-24 18:09:45.148887
153,1,9963,2026-03-27 00:57:29.314298
154,1,9972,2026-03-27 02:04:03.688642
155,1,10538,2026-04-01 16:31:08.754075
156,1,10621,2026-04-02 15:20:24.036085
157,1,10622,2026-04-02 15:20:27.576735
158,1,10623,2026-04-02 15:21:39.122361
159,1,10624,2026-04-02 15:21:51.564026
160,1,10628,2026-04-02 15:44:00.654061
161,1,10629,2026-04-03 05:58:41.615446
162,1,10632,2026-04-03 06:00:56.558456
163,1,10635,2026-04-03 06:03:24.044566
164,1,10996,2026-04-06 18:20:58.594016
165,1,10999,2026-04-06 23:51:37.834683
166,1,11000,2026-04-07 00:33:20.46212
167,1,11001,2026-04-07 00:33:56.085563
168,1,11002,2026-04-07 00:55:55.514769
169,1,11003,2026-04-07 00:56:01.092235
170,1,11004,2026-04-07 01:05:03.940375
171,1,11005,2026-04-07 01:05:37.745132
172,1,11006,2026-04-07 01:06:12.247116
173,1,11007,2026-04-07 01:25:05.2735
174,1,11009,2026-04-07 02:10:46.377125
175,1,11011,2026-04-07 02:33:45.055412
176,1,11013,2026-04-07 02:56:30.258912
177,1,11014,2026-04-07 02:57:06.202063
178,1,11015,2026-04-07 02:59:11.958749
179,1,11018,2026-04-07 03:05:12.13659
180,1,11019,2026-04-07 04:28:08.224264
181,1,11020,2026-04-07 04:28:46.28662
182,1,11021,2026-04-07 04:33:21.249065
183,1,11022,2026-04-07 04:34:06.247749
184,1,11056,2026-04-07 07:05:26.569676
185,1,11057,2026-04-07 07:06:23.980106
186,1,11070,2026-04-07 08:09:20.112652
187,1,11080,2026-04-08 00:34:29.460547
188,1,11081,2026-04-08 00:36:04.499635
